Timestamp,BotName,Status,IPAddress
2026-07-15 14:06:06,paulbot0,Down,N/A
2026-07-15 14:06:09,paulbot1,Down,N/A
2026-07-15 14:06:12,paulbot2,Down,N/A
2026-07-15 14:06:14,paulbot3,Down,N/A
2026-07-15 14:06:17,paulbot4,Down,N/A
2026-07-15 14:06:20,paulbot5,Down,N/A
2026-07-15 14:06:22,paulbot6,Down,N/A
2026-07-15 14:06:25,paulbot7,Down,N/A
2026-07-15 14:06:28,paulbot8,Down,N/A
2026-07-15 14:06:31,paulbot9,Down,N/A
2026-07-15 14:08:04,paulbot0.local,Down,N/A
2026-07-15 14:08:07,paulbot1.local,Down,N/A
2026-07-15 14:08:10,paulbot2.local,Down,N/A
2026-07-15 14:08:12,paulbot3.local,Down,N/A
2026-07-15 14:08:15,paulbot4.local,Down,N/A
2026-07-15 14:08:18,paulbot5.local,Down,N/A
2026-07-15 14:08:21,paulbot6.local,Down,N/A
2026-07-15 14:08:23,paulbot7.local,Down,N/A
2026-07-15 14:08:26,paulbot8.local,Down,N/A
2026-07-15 14:08:29,paulbot9.local,Down,N/A
2026-07-15 14:24:37,paulbot0.local,Down,N/A
2026-07-15 14:24:40,paulbot1.local,Down,N/A
2026-07-15 14:24:42,paulbot2.local,Down,N/A
2026-07-15 14:24:45,paulbot3.local,Down,N/A
2026-07-15 14:24:48,paulbot4.local,Down,N/A
2026-07-15 14:24:50,paulbot5.local,Down,N/A
2026-07-15 14:24:53,paulbot6.local,Down,N/A
2026-07-15 14:24:56,paulbot7.local,Down,N/A
2026-07-15 14:24:59,paulbot8.local,Down,N/A
2026-07-15 14:26:18,paulbot0.local,Down,N/A
2026-07-15 14:26:21,paulbot1.local,Down,N/A
2026-07-15 14:26:24,paulbot2.local,Down,N/A
2026-07-15 14:26:27,paulbot3.local,Down,N/A
2026-07-15 14:26:29,paulbot4.local,Down,N/A
2026-07-15 14:26:32,paulbot5.local,Down,N/A
2026-07-15 14:26:35,paulbot6.local,Down,N/A
2026-07-15 14:26:37,paulbot7.local,Down,N/A
2026-07-15 14:26:40,paulbot8.local,Down,N/A
2026-07-15 14:31:37,paulbot0.local,Up,10.0.0.66
2026-07-15 14:31:39,paulbot1.local,Down,N/A
2026-07-15 14:31:42,paulbot2.local,Down,N/A
2026-07-15 14:31:45,paulbot3.local,Down,N/A
2026-07-15 14:31:47,paulbot4.local,Down,N/A
2026-07-15 14:31:50,paulbot5.local,Down,N/A
2026-07-15 14:31:53,paulbot6.local,Down,N/A
2026-07-15 14:31:56,paulbot7.local,Down,N/A
2026-07-15 14:31:58,paulbot8.local,Down,N/A
